,gtemp,damages
0,14.186606111111136,0.0
1,14.196927708333359,0.0001722180179972721
2,14.20724930555558,0.0002826083155028636
3,14.217570902777803,0.0005233783610585352
4,14.227892500000024,0.0009448400694610504
5,14.238214097222247,0.0015942796377111934
6,14.248535694444469,0.0025072006224414745
7,14.258857291666692,0.003709256199562083
8,14.269178888888913,0.005213335898417881
9,14.279500486111136,0.007015976535269419
10,14.289822083333357,0.00908804257009943
11,14.30014368055558,0.011407145198244262
12,14.310465277777801,0.013948342912443623
13,14.320786875000024,0.016692444979303223
14,14.331108472222246,0.019617673592801088
15,14.341430069444469,0.022697137943277323
16,14.35175166666669,0.02588499076167139
17,14.362073263888913,0.02911778832500156
18,14.372394861111134,0.03238814600798723
19,14.186606111111136,0.0
20,14.201056347222247,0.00018258028917850222
21,14.215506583333358,0.00033794123924590913
22,14.22995681944447,0.000675377484103068
23,14.24440705555558,0.0012648358975709817
24,14.258857291666692,0.002172378690729948
25,14.273307527777803,0.0034471463356970933
26,14.287757763888914,0.005123868923274211
27,14.302208000000023,0.007218875851782491
28,14.316658236111135,0.00972532428042916
29,14.331108472222246,0.012600214015316968
30,14.345558708333357,0.015809690072211557
31,14.360008944444468,0.01931625410337645
32,14.37445918055558,0.02309028047435646
33,14.38890941666669,0.02709813652801163
34,14.403359652777802,0.03129890923059031
35,14.417809888888913,0.03562579357448248
36,14.432260125000024,0.03998794853576071
37,14.446710361111135,0.04437211280042319
38,14.186606111111136,0.0
39,14.205184986111135,0.00019297007799734534
40,14.223763861111136,0.0003935054362703694
41,14.242342736111135,0.0008280777608654644
42,14.260921611111135,0.0015861942522885641
43,14.279500486111136,0.002752402643889984
44,14.298079361111135,0.004388948139018134
45,14.316658236111135,0.0065388672987625185
46,14.335237111111136,0.00922092810883901
47,14.353815986111135,0.012423694841154909
48,14.372394861111134,0.016088965974191516
49,14.390973736111135,0.02016999286218646
50,14.409552611111135,0.024615262472097887
51,14.428131486111134,0.029383243589453656
52,14.446710361111135,0.03442690509723478
53,14.465289236111134,0.03968978608541718
54,14.483868111111136,0.045082967105234406
55,14.502446986111135,0.05048740444202626
56,14.521025861111134,0.055882781804499015
57,14.186606111111136,0.0
58,14.209313625000025,0.00020338738404568346
59,14.232021138888914,0.0004493008862622716
60,14.254728652777802,0.0009814790401374562
61,14.277436166666691,0.0019089146499293719
62,14.30014368055558,0.0033343508899663643
63,14.32285119444447,0.005332607664637945
64,14.345558708333357,0.007954263550679519
65,14.368266222222246,0.011219536709399014
66,14.390973736111135,0.015111208927989228
67,14.413681250000025,0.01955457920179493
68,14.436388763888912,0.024488634767932393
69,14.459096277777801,0.02984646944340197
70,14.48180379166669,0.035573280539680674
71,14.50451130555558,0.04160722927106453
72,14.527218819444467,0.04787494672524273
73,14.549926333333357,0.05426443192837416
74,14.572633847222246,0.06062783946408912
75,14.595341361111135,0.0669368620713382
76,14.186606111111136,0.0
77,14.213442263888913,0.00021383220691206795
78,14.24027841666669,0.0005053275687655345
79,14.267114569444468,0.0011355811691859952
80,14.293950722222247,0.0022329966001719548
81,14.320786875000024,0.003918222804454974
82,14.347623027777802,0.006278126513188154
83,14.37445918055558,0.00937006985307487
84,14.401295333333357,0.013214745581097587
85,14.428131486111134,0.017787986874244655
86,14.454967638888913,0.022997333152934174
87,14.48180379166669,0.028766193076999236
88,14.508639944444468,0.03501096619682864
89,14.535476097222245,0.041662313624349356
90,14.562312250000023,0.04864230813813353
91,14.5891484027778,0.055859468965574144
92,14.61598455555558,0.06317792258884669
93,14.642820708333357,0.07042061056170645
94,14.669656861111134,0.07755051553016779
95,14.186606111111136,0.0
96,14.217570902777803,0.00022430454618549422
97,14.248535694444469,0.0005615854631744188
98,14.279500486111136,0.001290383993751254
99,14.310465277777801,0.0025584396060531756
100,14.341430069444469,0.004504017745536659
101,14.372394861111134,0.00722550625342655
102,14.403359652777802,0.010786298328151145
103,14.434324444444469,0.015206598535203453
104,14.465289236111134,0.020454148624951318
105,14.496254027777802,0.02641750595905401
106,14.527218819444467,0.033003241128927274
107,14.558183611111135,0.040109833639860315
108,14.589148402777802,0.04765224129540613
109,14.620113194444468,0.055535290304915996
110,14.651077986111135,0.06364833149432303
111,14.6820427777778,0.07183099086553446
112,14.713007569444468,0.07987675558177787
113,14.743972361111133,0.08773937210383687
114,14.186606111111136,0.0
115,14.221699541666691,0.00023480440145240422
116,14.256792972222247,0.0006180745487399664
117,14.291886402777802,0.0014458873580557308
118,14.326979833333358,0.0028852431639667664
119,14.362073263888913,0.005091735054029822
120,14.397166694444469,0.008174748421957867
121,14.432260125000024,0.012202961045017613
122,14.46735355555558,0.01719513926247196
123,14.502446986111135,0.023109813725978867
124,14.53754041666669,0.029815374405767314
125,14.572633847222246,0.037200348281255735
126,14.607727277777801,0.04514414238566811
127,14.642820708333357,0.053544938235809525
128,14.677914138888912,0.06228927431443798
129,14.713007569444468,0.07124641517647046
130,14.748101000000023,0.08023100907169911
131,14.783194430555579,0.08900700062428168
132,14.818287861111134,0.09751854475035582
133,14.186606111111136,0.0
134,14.22582818055558,0.0002453317722993509
135,14.265050250000025,0.0006747948045627838
136,14.304272319444468,0.0016020911047921471
137,14.343494388888914,0.003213406763658111
138,14.382716458333357,0.005681374053355892
139,14.421938527777801,0.009125854522960553
140,14.461160597222246,0.013620070018467767
141,14.50038266666669,0.019180411329044578
142,14.539604736111135,0.025755101313339912
143,14.578826805555579,0.03319121391098989
144,14.618048875000023,0.04135807987732498
145,14.657270944444468,0.05011495273532307
146,14.696493013888912,0.05934225544755267
147,14.735715083333357,0.06890730908303899
148,14.7749371527778,0.07865850438693112
149,14.814159222222244,0.08838517338800655
150,14.85338129166669,0.09782176741807436
151,14.892603361111133,0.10690264441620989
152,14.186606111111136,0.0
153,14.22995681944447,0.00025588665830844626
154,14.273307527777803,0.0007317462095987048
155,14.316658236111135,0.0017589950751333294
156,14.360008944444468,0.0035429298882259097
157,14.403359652777802,0.006272934049493806
158,14.446710361111135,0.010078826027913657
159,14.490061069444469,0.015037637207750087
160,14.5334117777778,0.0211624581723866
161,14.576762486111134,0.028390130102676214
162,14.620113194444468,0.036545298503696255
163,14.663463902777801,0.045476997215833204
164,14.706814611111135,0.055023314664348955
165,14.750165319444468,0.0650460203490194
166,14.7935160277778,0.075392394354306
167,14.836866736111133,0.08588928836958454
168,14.880217444444467,0.09630050722379835
169,14.9235681527778,0.10633118069828162
170,14.966918861111134,0.11590579488762587
171,14.186606111111136,0.0
172,14.234085458333357,0.00026646905906313467
173,14.281564805555579,0.000788928742659567
174,14.329044152777803,0.0019165991087271017
175,14.376523500000024,0.0038738120141138532
176,14.424002847222246,0.006866414330942927
177,14.471482194444468,0.01103366437532638
178,14.518961541666691,0.01645567451535923
179,14.566440888888913,0.023141323097278566
180,14.613920236111134,0.03101501837891163
181,14.661399583333356,0.039877900803269806
182,14.708878930555578,0.04955765752211805
183,14.756358277777801,0.05987026781353111
184,14.803837625000023,0.0706580368813402
185,14.851316972222245,0.08174748116934272
186,14.898796319444466,0.09294336262042913
187,14.946275666666688,0.10398386460231235
188,14.993755013888912,0.11454507557724569
189,15.041234361111133,0.12454202985516694
190,14.186606111111136,0.0
191,14.238214097222247,0.00027707897414230853
192,14.289822083333357,0.00084634238240755
193,14.341430069444469,0.002074903043698617
194,14.39303805555558,0.0042060526111104
195,14.44464604166669,0.007461814168683745
196,14.496254027777802,0.011990370970468511
197,14.547862013888912,0.01787419378583044
198,14.599470000000023,0.025117049271836556
199,14.651077986111135,0.033629883986097786
200,14.702685972222245,0.04318929199945598
201,14.754293958333356,0.05360061392114113
202,14.805901944444468,0.06465684148385875
203,14.857509930555578,0.07618008562342482
204,14.90911791666669,0.08797547235247549
205,14.9607259027778,0.09982523029284485
206,15.01233388888891,0.11144193356564525
207,15.063941875000022,0.12247348889389487
208,15.115549861111132,0.13282634209326694
209,14.186606111111136,0.0
210,14.242342736111135,0.000287716403128635
211,14.298079361111135,0.000903987107358506
212,14.353815986111135,0.0022339067166491366
213,14.409552611111135,0.004539651142347001
214,14.465289236111134,0.008059132816140124
215,14.521025861111134,0.0129489471851012
216,14.576762486111134,0.01929320680454727
217,14.632499111111134,0.027089679723590443
218,14.688235736111134,0.03623484431742596
219,14.743972361111133,0.04647974183290571
220,14.799708986111133,0.05760641541214562
221,14.855445611111133,0.06938405463550368
222,14.911182236111133,0.08161392391535427
223,14.966918861111132,0.094079223011594
224,15.022655486111134,0.10653930362297881
225,15.078392111111134,0.11868154788891849
226,15.134128736111133,0.13012689002032707
227,15.189865361111133,0.1407712672462863
228,14.186606111111136,0.0
229,14.246471375000024,0.0002983813455966766
230,14.306336638888913,0.0009618628958854014
231,14.366201902777801,0.002393609962655585
232,14.42606716666669,0.004874607064291103
233,14.485932430555579,0.0086583695091349
234,14.545797694444468,0.013909394357214389
235,14.605662958333356,0.020712725296555545
236,14.665528222222246,0.029059257335599997
237,14.725393486111134,0.03883001630541649
238,14.785258750000024,0.049749518576298835
239,14.845124013888912,0.06157560684494645
240,14.9049892777778,0.07405291589072016
241,14.96485454166669,0.08696128598980335
242,15.024719805555577,0.1000615410522151
243,15.084585069444467,0.11309027056070564
244,15.144450333333355,0.12571061259764105
245,15.204315597222244,0.13751486795297452
246,15.264180861111132,0.14838969727800244
247,14.186606111111136,0.0
248,14.250600013888914,0.0003090738011229943
249,14.314593916666691,0.0010199697262091023
250,14.37858781944447,0.0025540126152715503
251,14.442581722222245,0.005210919826750482
252,14.506575625000023,0.009259523465855124
253,14.570569527777801,0.014871713790762575
254,14.634563430555579,0.022132760925386408
255,14.698557333333357,0.03102582484261407
256,14.762551236111134,0.0414155164122848
257,14.826545138888912,0.05299888901605965
258,14.890539041666688,0.06550872889784409
259,14.954532944444466,0.07866442354057768
260,15.018526847222244,0.09222388311116458
261,15.082520750000022,0.10592534649717511
262,15.1465146527778,0.11948351453338435
263,15.210508555555577,0.13253533227272518
264,15.274502458333355,0.14464599933624012
265,15.338496361111133,0.1556931191820733
266,14.186606111111136,0.0
267,14.254728652777802,0.00031979376928215064
268,14.32285119444447,0.0010783075764104755
269,14.390973736111135,0.0027151145065283933
270,14.459096277777801,0.005548588872862914
271,14.527218819444467,0.009862593886818316
272,14.595341361111135,0.01583590675540003
273,14.663463902777801,0.023553325291892246
274,14.731586444444467,0.03298942482727807
275,14.799708986111133,0.04399146062048398
276,14.8678315277778,0.0562281184346306
277,14.935954069444467,0.06940631805711017
278,15.004076611111133,0.08321956555539145
279,15.072199152777799,0.09740340372206124
280,15.140321694444467,0.11167407923561279
281,15.208444236111132,0.1257227974106765
282,15.276566777777798,0.1391612398475479
283,15.344689319444466,0.15152794563799798
284,15.412811861111132,0.1626847205917401
285,14.186606111111136,0.0
286,14.258857291666692,0.00033054124964893017
287,14.331108472222246,0.0011368764244191754
288,14.403359652777802,0.0028769154669330277
289,14.475610833333358,0.005887613639101064
290,14.547862013888912,0.010467579954823503
291,14.620113194444468,0.016801974486224558
292,14.692364375000023,0.024974429933088738
293,14.764615555555578,0.0349500997163793
294,14.836866736111133,0.046557964423411535
295,14.90911791666669,0.05943747059331406
296,14.981369097222244,0.07326890659802454
297,15.0536202777778,0.08771931959875245
298,15.125871458333355,0.10250163997053807
299,15.198122638888911,0.11731037256404675
300,15.270373819444465,0.13181205084808223
301,15.342625000000021,0.14559383480239252
302,15.414876180555577,0.15816145314440444
303,15.487127361111131,0.169368416634896
304,14.186606111111136,0.0
305,14.26298593055558,0.00034131624179301046
306,14.339365750000024,0.0011956762480194172
307,14.415745569444468,0.00303941532546792
308,14.492125388888912,0.006227993555262046
309,14.568505208333356,0.011074480834924794
310,14.644885027777802,0.01776991818351248
311,14.721264847222246,0.02639608632100421
312,14.79764466666669,0.03690789177713971
313,14.874024486111134,0.04911514281629681
314,14.950404305555578,0.06262720771568264
315,15.026784125000022,0.07709702256743622
316,15.103163944444466,0.09216465304507226
317,15.17954376388891,0.10752066463499244
318,15.255923583333354,0.12283669597655156
319,15.332303402777798,0.13775491519526728
320,15.408683222222242,0.15183314326444353
321,15.485063041666688,0.16454957244116042
322,15.561442861111132,0.17575596062264076
323,14.186606111111136,0.0
324,14.26711456944447,0.00035211874528495724
325,14.347623027777802,0.0012547070248511982
326,14.428131486111134,0.0032026139095947537
327,14.508639944444468,0.0065697280444717565
328,14.589148402777802,0.011683295674387417
329,14.669656861111134,0.0187397390124725
330,14.750165319444466,0.027818305861547765
331,14.8306737777778,0.03886284311355637
332,14.911182236111133,0.051663110287260894
333,14.991690694444467,0.06579759047153211
334,15.072199152777799,0.08089118976781451
335,15.152707611111133,0.09655652300048845
336,15.233216069444467,0.11246209600353341
337,15.313724527777799,0.12825554528528205
338,15.394232986111131,0.14355203438129893
339,15.474741444444465,0.15788046976197712
340,15.555249902777799,0.17070043719454486
341,15.635758361111131,0.1818623906403639
342,14.186606111111136,0.0
343,14.271243208333358,0.00036294875969333784
344,14.35588030555558,0.0013139687324058569
345,14.440517402777802,0.0033665110452519853
346,14.525154500000024,0.006912816523180321
347,14.609791597222246,0.012294023602655746
348,14.694428694444468,0.01971143810297904
349,14.779065791666689,0.029241099893374534
350,14.863702888888911,0.04081499566277769
351,14.948339986111133,0.05420198080853611
352,15.032977083333355,0.06894887796137883
353,15.117614180555577,0.0846519277427541
354,15.2022512777778,0.10089587632705932
355,15.286888375000022,0.11732748937226845
356,15.371525472222244,0.1335682733820468
357,15.456162569444466,0.14920285413797185
358,15.540799666666688,0.16374098371638335
359,15.62543676388891,0.17662542733782405
360,15.71007386111113,0.18770850753115476
361,14.186606111111136,0.0
362,14.275371847222246,0.00037380628458505427
363,14.364137583333358,0.0013734613480297364
364,14.452903319444468,0.00353110655684985
365,14.541669055555579,0.007257258401157429
366,14.63043479166669,0.012906663731310886
367,14.7192005277778,0.02068501654932986
368,14.807966263888911,0.03066447968676933
369,14.896732000000023,0.042764391191530304
370,14.985497736111133,0.05673186782786188
371,15.074263472222244,0.07208132770150277
372,15.163029208333356,0.08837975176390755
373,15.251794944444466,0.1051839334773843
374,15.340560680555576,0.12211806681372916
375,15.429326416666687,0.13877301624091976
376,15.518092152777799,0.15470984215141825
377,15.606857888888909,0.16942267437593472
378,15.69562362500002,0.18233672785537947
379,15.784389361111131,0.19337040748419765
380,14.186606111111136,0.0
381,14.279500486111136,0.0003846913195260093
382,14.372394861111134,0.0014331869481308823
383,14.465289236111134,0.0036964024347265756
384,14.558183611111135,0.007603055276022563
385,14.651077986111135,0.013521217362096216
386,14.743972361111133,0.021660477623034247
387,14.836866736111133,0.03208845864572263
388,14.929761111111134,0.044711073462276096
389,15.022655486111134,0.059252886367342494
390,15.115549861111132,0.07519519762664328
391,15.208444236111132,0.09207517472390903
392,15.301338611111133,0.1094216069434667
393,15.394232986111131,0.12683322570188216
394,15.487127361111131,0.14387108443716534
395,15.580021736111132,0.16007856277058885
396,15.672916111111132,0.17493459836467895
397,15.765810486111132,0.18790167071682518
398,15.85870486111113,0.1988726821964517
399,14.186606111111136,0.0
400,14.283629125000024,0.00039560386407999637
401,14.380652138888912,0.0014931445171573188
402,14.4776751527778,0.003862397472433332
403,14.57469816666669,0.007950205499274832
404,14.67172118055558,0.014137682513846617
405,14.768744194444468,0.02263782128026237
406,14.865767208333356,0.03351304683078915
407,14.962790222222244,0.04665508282751163
408,15.059813236111133,0.061765147757856353
409,15.15683625000002,0.07829074103241684
410,15.253859263888911,0.09573870235189141
411,15.3508822777778,0.11360957531468852
412,15.447905291666688,0.13147251644789715
413,15.544928305555576,0.14886496127854076
414,15.641951319444464,0.16531485552474123
415,15.738974333333353,0.18032415090618847
416,15.835997347222243,0.19334344463365005
417,15.933020361111131,0.2042254837484121
418,14.186606111111136,0.0
419,14.287757763888914,0.0004065439178092545
420,14.38890941666669,0.0015533329241227412
421,14.490061069444469,0.004029090345294195
422,14.591212722222245,0.008298707300928743
423,14.692364375000023,0.014756057076358298
424,14.7935160277778,0.023617047335041108
425,14.894667680555578,0.034938254132094504
426,14.995819333333355,0.04859645936919321
427,15.096970986111133,0.06426876270240633
428,15.198122638888911,0.0813682095225049
429,15.299274291666688,0.09937083151679549
430,15.400425944444466,0.11774669068539134
431,15.501577597222242,0.13603646454324503
432,15.60272925000002,0.1537585564424212
433,15.703880902777797,0.17045941634302186
434,15.805032555555576,0.18563591259369072
435,15.906184208333352,0.19867888445548232
436,16.00733586111113,0.2094508453723336
437,14.186606111111136,0.0
438,14.291886402777802,0.0004175114802740243
439,14.397166694444469,0.0016137521457866288
440,14.502446986111135,0.00419648087162916
441,14.607727277777801,0.00864856006402781
442,14.713007569444468,0.015376340089452434
443,14.818287861111134,0.02459815673693666
444,14.9235681527778,0.03636409153562281
445,15.028848444444467,0.05053524413781818
446,15.134128736111133,0.06676384246864497
447,15.2394090277778,0.084427854138033
448,15.344689319444466,0.1029718701861454
449,15.449969611111133,0.12183305665384381
450,15.555249902777799,0.14052718090514926
451,15.660530194444465,0.15859653557755493
452,15.765810486111132,0.17556932417825344
453,15.871090777777798,0.19088514384284927
454,15.976371069444465,0.20393128373109515
455,16.08165136111113,0.21457350432082778
456,14.186606111111136,0.0
457,14.29601504166669,0.00042850655103443547
458,14.405423972222247,0.0016744021587599134
459,14.514832902777801,0.004364568868236551
460,14.624241833333357,0.008999763164921792
461,14.733650763888912,0.01599853057490963
462,14.843059694444467,0.02558115039869524
463,14.952468625000023,0.03779056995354113
464,15.061877555555578,0.05247147799624663
465,15.171286486111132,0.06925049775919956
466,15.280695416666688,0.08746992426889011
467,15.390104347222243,0.10654122936984844
468,15.4995132777778,0.12586881069532352
469,15.608922208333354,0.14496060498878127
470,15.718331138888908,0.16338302405338978
471,15.827740069444465,0.18060104518196074
472,15.93714900000002,0.19603231728428683
473,16.046557930555576,0.209061781513891
474,16.15596686111113,0.21955614871877893
475,14.186606111111136,0.0
476,14.30014368055558,0.0004395291296479531
477,14.413681250000025,0.0017352829395113067
478,14.527218819444467,0.004533354150389912
479,14.640756388888912,0.00935231597327224
480,14.754293958333356,0.016622627536439505
481,14.8678315277778,0.026566029196006147
482,14.981369097222245,0.03921770022312965
483,15.094906666666688,0.054405201616373855
484,15.208444236111132,0.07172883870406499
485,15.321981805555577,0.09049460908889795
486,15.435519375000021,0.11007889352122235
487,15.549056944444466,0.12985524861026
488,15.662594513888909,0.1493480433322597
489,15.776132083333353,0.16810873539724847
490,15.889669652777798,0.18554498658370655
491,16.00320722222224,0.2010723260872448
492,16.116744791666687,0.21406635726445666
493,16.23028236111113,0.22439562626838172
494,14.186606111111136,0.0
495,14.304272319444468,0.00045057921567082104
496,14.421938527777801,0.0017963944643575314
497,14.539604736111135,0.004702836531844556
498,14.657270944444468,0.009706217852045285
499,14.7749371527778,0.017248629959650597
500,14.892603361111133,0.027552793967259515
501,15.010269569444466,0.040645493105733954
502,15.1279357777778,0.05633645547587274
503,15.245601986111133,0.07419897485315075
504,15.363268194444466,0.09350191577721945
505,15.480934402777798,0.1135847709574237
506,15.59860061111113,0.133793895930012
507,15.716266819444465,0.15369463684665996
508,15.833933027777798,0.1727727325841527
509,15.95159923611113,0.1904073399324252
510,16.069265444444465,0.20601241196898468
511,16.186931652777798,0.21895432538328663
512,16.30459786111113,0.22910106347809467
513,14.186606111111136,0.0
514,14.308400958333358,0.00046166124776825246
515,14.430195805555579,0.001857740898633664
516,14.551990652777802,0.004873019842178916
517,14.673785500000022,0.010061472073224165
518,14.795580347222245,0.01787654066137745
519,14.917375194444467,0.028541449296495824
520,15.039170041666688,0.04207396297825272
521,15.16096488888891,0.05826528342496384
522,15.282759736111132,0.07666101859117735
523,15.404554583333354,0.09649115022365029
524,15.526349430555577,0.11705929475012711
525,15.648144277777797,0.137691641860352
526,15.76993912500002,0.15799192757771052
527,15.891733972222243,0.17736546957619992
528,16.013528819444463,0.19518319489263414
529,16.135323666666686,0.21084962724175704
530,16.25711851388891,0.22372333977425263
531,16.37891336111113,0.23367103734288874
532,14.186606111111136,0.0
533,14.312529597222246,0.0004727723101761727
534,14.438453083333357,0.0019193194651205836
535,14.564376569444468,0.005043901248299676
536,14.690300055555578,0.010418075404600047
537,14.81622354166669,0.01850635604655715
538,14.9421470277778,0.029531993438384974
539,15.06807051388891,0.043503117989512896
540,15.193994000000021,0.060191723156693744
541,15.319917486111132,0.07911503120894425
542,15.445840972222243,0.09946242504278302
543,15.571764458333353,0.12050334508744442
544,15.697687944444464,0.14155332368879936
545,15.823611430555575,0.1622371053174667
546,15.949534916666686,0.18188857432409544
547,16.075458402777798,0.19987340716845592
548,16.201381888888907,0.21558616394566232
549,16.32730537500002,0.22837573033018588
550,16.45322886111113,0.23810915293721613
551,14.186606111111136,0.0
552,14.316658236111135,0.000483910881186711
553,14.446710361111135,0.001981128703786861
554,14.576762486111134,0.005215479181852722
555,14.706814611111135,0.010776025845637527
556,14.836866736111133,0.01913807372470422
557,14.966918861111134,0.030524425818005962
558,15.096970986111133,0.044932967396665524
559,15.227023111111134,0.06211581331734606
560,15.357075236111132,0.08156104249898799
561,15.487127361111131,0.10241549570596487
562,15.617179486111132,0.12391780931558982
563,15.74723161111113,0.14538594648936343
564,15.877283736111131,0.16643405411736456
565,16.00733586111113,0.18634861337383546
566,16.13738798611113,0.2044850075932656
567,16.267440111111128,0.22022848877053747
568,16.39749223611113,0.23291905606321117
569,16.52754436111113,0.2424286379766969
570,14.186606111111136,0.0
571,14.320786875000024,0.0004950769603475624
572,14.454967638888913,0.0020431685903590235
573,14.589148402777802,0.005387753450486921
574,14.723329166666689,0.011135322732489072
575,14.857509930555578,0.01977169260863998
576,14.991690694444467,0.03151874712216529
577,15.125871458333355,0.04636352164698687
578,15.260052222222244,0.06403759357590655
579,15.394232986111133,0.0839985220009768
580,15.52841375000002,0.10535066663946402
581,15.662594513888909,0.12730446559549935
582,15.796775277777797,0.14918989591073373
583,15.930956041666686,0.1705862214150341
584,16.065136805555575,0.19074974066195716
585,16.199317569444464,0.20902295487257572
586,16.333498333333353,0.2247825224237443
587,16.46767909722224,0.2373603854698524
588,16.60185986111113,0.2466630571430578
589,14.186606111111136,0.0
590,14.324915513888913,0.0005062705472081985
591,14.46322491666669,0.0021054391004237116
592,14.601534319444468,0.005560723860330796
593,14.739843722222245,0.011495965394601959
594,14.878153125000022,0.020407211592921137
595,15.016462527777799,0.03251495799920301
596,15.154771930555578,0.04779479110670959
597,15.293081333333355,0.06595710339144156
598,15.431390736111132,0.08642752262032849
599,15.569700138888908,0.10826914404807286
600,15.708009541666687,0.13067077210000144
601,15.846318944444464,0.15296516449073372
602,15.984628347222241,0.1746973239342806
603,16.12293775000002,0.19509656885370585
604,16.261247152777795,0.21349291756350874
605,16.399556555555574,0.2292552010775204
606,16.537865958333352,0.241719106326044
607,16.676175361111127,0.25086810598707077
608,14.186606111111136,0.0
609,14.329044152777803,0.0005174916413147601
610,14.471482194444468,0.0021679402094166855
611,14.613920236111134,0.005734390215987872
612,14.756358277777801,0.01185795315472249
613,14.898796319444466,0.021044629553800376
614,15.041234361111133,0.033513059058767336
615,15.1836724027778,0.04922678606003039
616,15.326110444444465,0.06787433263350573
617,15.468548486111132,0.08884797558392832
618,15.610986527777799,0.11117780410940448
619,15.753424569444464,0.13401961578308053
620,15.89586261111113,0.15671378538168101
621,16.038300652777796,0.17877019137600403
622,16.180738694444464,0.19939262664889146
623,16.32317673611113,0.21789923677272383
624,16.465614777777795,0.2336555667312743
625,16.608052819444463,0.24604951773234196
626,16.75049086111113,0.2550812185894781
627,14.186606111111136,0.0
628,14.33317279166669,0.0005287402422127219
629,14.479739472222246,0.0022306718926290436
630,14.6263061527778,0.005908752320542221
631,14.772872833333356,0.012221285328890219
632,14.91943951388891,0.021683945349202927
633,15.066006194444467,0.03451305087158496
634,15.212572875000022,0.05065951670812796
635,15.359139555555577,0.06978928615429036
636,15.505706236111132,0.09126151860684473
637,15.652272916666687,0.11407447443608809
638,15.798839597222242,0.1373445896467429
639,15.945406277777797,0.16043654964740472
640,16.09197295833335,0.18280523992230002
641,16.23853963888891,0.20363801605722687
642,16.385106319444464,0.22224178177809217
643,16.53167300000002,0.23801583310967722
644,16.678239680555574,0.250386177835647
645,16.82480636111113,0.2593049704344502
646,14.186606111111136,0.0
647,14.337301430555579,0.0005400163494458932
648,14.487996750000024,0.002293634125205002
649,14.638692069444467,0.006083809975556687
650,14.789387388888912,0.012585961226438513
651,14.940082708333355,0.022325157818690267
652,15.0907780277778,0.035514933969238216
653,15.241473347222243,0.05209299316818772
654,15.392168666666688,0.07170165045747412
655,15.542863986111131,0.09366979545439247
656,15.693559305555576,0.11695926283981162
657,15.84425462500002,0.14065113330186219
658,15.994949944444464,0.16413054299091911
659,16.14564526388891,0.18679979704364713
660,16.296340583333354,0.20783038775997276
661,16.447035902777795,0.22652438678032671
662,16.59773122222224,0.24236629692848666
663,16.748426541666685,0.25470853730697296
664,16.899121861111126,0.2635178415020597
665,14.186606111111136,0.0
666,14.341430069444469,0.0005513199625554188
667,14.496254027777802,0.002356826882143892
668,14.651077986111135,0.006259562981071776
669,14.805901944444468,0.012951980149994213
670,14.960725902777801,0.02296826578342903
671,15.115549861111132,0.03651870884394437
672,15.270373819444465,0.05352722547244049
673,15.425197777777798,0.07361141218084499
674,15.580021736111132,0.09607247440854239
675,15.734845694444465,0.11983208059227335
676,15.889669652777798,0.14393901871582093
677,16.04449361111113,0.16779620449312949
678,16.199317569444464,0.19075471909217112
679,16.354141527777795,0.2119711131073445
680,16.50896548611113,0.23078291599961853
681,16.66378944444446,0.24669008801448622
682,16.818613402777796,0.2590027665659418
683,16.973437361111127,0.26770647178448803
684,14.186606111111136,0.0
685,14.345558708333357,0.0005626510810832208
686,14.50451130555558,0.002420250138297275
687,14.663463902777801,0.006436011135606323
688,14.822416500000022,0.013319341395473194
689,14.981369097222245,0.023613268046168256
690,15.140321694444467,0.037524375948335464
691,15.299274291666688,0.05496222356721325
692,15.45822688888891,0.07551856350711983
693,15.617179486111132,0.09846886991464043
694,15.776132083333353,0.12269146953549703
695,15.935084680555576,0.14721216749784305
696,16.094037277777797,0.17143747754730765
697,16.25298987500002,0.19467438284851735
698,16.41194247222224,0.2160651164661903
699,16.57089506944446,0.23502652743044317
700,16.729847666666686,0.2509898755582799
701,16.888800263888907,0.2632727798716997
702,17.047752861111128,0.2718855467035769
703,14.186606111111136,0.0
704,14.349687347222247,0.0005740097045674464
705,14.512768583333356,0.002483903868370496
706,14.675849819444467,0.006613154236158603
707,14.838931055555578,0.013688044252081144
708,15.00201229166669,0.02426016339119752
709,15.165093527777799,0.03853193569523705
710,15.32817476388891,0.05639795602444342
711,15.491256000000021,0.07742291850030902
712,15.65433723611113,0.10085873181180727
713,15.817418472222242,0.1255354911745582
714,15.980499708333353,0.15046731643454347
715,16.143580944444462,0.17505124218335366
716,16.306662180555573,0.19855592991657967
717,16.469743416666685,0.2201327401002865
718,16.632824652777796,0.2392413897462845
719,16.795905888888907,0.2552559425544041
720,16.958987125000014,0.26751353027249136
721,17.122068361111126,0.2760477800493957
722,14.186606111111136,0.0
723,14.353815986111135,0.0005853958325461317
724,14.521025861111134,0.0025477880469247927
725,14.688235736111134,0.006790992078207214
726,14.855445611111133,0.01405808800231223
727,15.022655486111134,0.02490895058432807
728,15.189865361111133,0.03954138845745914
729,15.357075236111132,0.057834423425338066
730,15.524285111111132,0.07932594931103498
731,15.691494986111131,0.10324265137973065
732,15.85870486111113,0.12836486409189485
733,16.02591473611113,0.15370385715978674
734,16.19312461111113,0.17863719312494886
735,16.360334486111128,0.20239945020850492
736,16.52754436111113,0.224179126482152
737,16.69475423611113,0.24342324709319962
738,16.861964111111128,0.25949322771097283
739,17.02917398611113,0.2717448447525973
740,17.196383861111126,0.2801944282708557
741,14.186606111111136,0.0
742,14.357944625000025,0.0005968094645554256
743,14.529283138888912,0.0026119026483732988
744,14.700621652777802,0.006969524455707643
745,14.871960166666689,0.014429471921949322
746,15.043298680555578,0.025559628372859744
747,15.214637194444466,0.040552734567577464
748,15.385975708333355,0.059271464112259586
749,15.557314222222242,0.08122724139118376
750,15.728652736111131,0.10562051835880515
751,15.899991250000019,0.13117905134437235
752,16.071329763888908,0.15692698128107885
753,16.242668277777796,0.18220075916067324
754,16.414006791666687,0.2062106270899703
755,16.585345305555574,0.22820916255944912
756,16.75668381944446,0.2475814938722496
757,16.92802233333335,0.2637201490146128
758,17.09936084722224,0.27596745123788
759,17.270699361111127,0.28432115725383933
760,14.186606111111136,0.0
761,14.362073263888913,0.0006082506001292565
762,14.53754041666669,0.0026762476469834873
763,14.713007569444468,0.007148751161096811
764,14.888474722222245,0.014802195280057329
765,15.063941875000022,0.026212195485549983
766,15.2394090277778,0.04156597431772158
767,15.414876180555577,0.06070905607903221
768,15.590343333333355,0.08312688344616748
769,15.765810486111132,0.10799235391383066
770,15.94127763888891,0.13397838495317516
771,16.116744791666687,0.16013071900292408
772,16.292211944444464,0.1857360491365525
773,16.46767909722224,0.20999598556073895
774,16.64314625000002,0.23220918505405086
775,16.818613402777796,0.25171385885282016
776,16.99408055555557,0.267919523211791
777,17.16954770833335,0.28015438394278924
778,17.345014861111125,0.28840990466284966
779,14.186606111111136,0.0
780,14.366201902777801,0.0006197192388006645
781,14.545797694444468,0.0027408230168769476
782,14.725393486111134,0.0073286719852896365
783,14.9049892777778,0.015176257338988197
784,15.084585069444467,0.02686665063258975
785,15.264180861111132,0.042581107959368536
786,15.4437766527778,0.0621472354307141
787,15.623372444444465,0.08502571824429228
788,15.80296823611113,0.11035810624112541
789,15.982564027777798,0.1367704660917176
790,16.16215981944446,0.1633268397660207
791,16.34175561111113,0.18925549839966838
792,16.521351402777796,0.21377575600985355
793,16.70094719444446,0.2361923606059283
794,16.880542986111127,0.25583379241137016
795,17.060138777777794,0.2721047465613585
796,17.239734569444458,0.28431312373038975
797,17.419330361111125,0.292477730441989
798,14.186606111111136,0.0
799,14.370330541666691,0.0006312153801016906
800,14.554054972222247,0.002805628732029053
801,14.7377794027778,0.007509286717682473
802,14.921503833333356,0.015551657354379356
803,15.105228263888911,0.02752299250557333
804,15.288952694444466,0.0435981357031312
805,15.472677125000022,0.06358579715816404
806,15.656401555555576,0.08692294447910587
807,15.840125986111131,0.11272098508444028
808,16.023850416666686,0.13957087312516414
809,16.20757484722224,0.16652621029832082
810,16.391299277777797,0.1927729926395202
811,16.57502370833335,0.21756326383267466
812,16.758748138888905,0.24017888581552171
813,16.942472569444462,0.2599574016535209
814,17.126197000000015,0.2762926468622037
815,17.309921430555573,0.28846586285662146
816,17.493645861111126,0.29654899631496057
817,14.186606111111136,0.0
818,14.37445918055558,0.0006427390235614894
819,14.562312250000023,0.002870664766268516
820,14.750165319444468,0.007690595146149781
821,14.938018388888912,0.01592839457514872
822,15.125871458333355,0.028181219777471456
823,15.313724527777799,0.04461705771855906
824,15.501577597222242,0.06502483089058109
825,15.689430666666686,0.08882052209549474
826,15.877283736111131,0.11508145931403924
827,16.065136805555575,0.14237466458305492
828,16.25298987500002,0.16973070925492562
829,16.440842944444462,0.1962969673937789
830,16.628696013888906,0.22136154412450815
831,16.81654908333335,0.24417805943866788
832,17.004402152777793,0.2640932979477706
833,17.192255222222236,0.28048363409790367
834,17.38010829166668,0.2926256640056156
835,17.567961361111127,0.3006374182175494
836,14.186606111111136,0.0
837,14.37858781944447,0.000654290168708993
838,14.570569527777801,0.002935931093279054
839,14.762551236111134,0.007872597057048014
840,14.954532944444466,0.016306468243497907
841,15.1465146527778,0.028841331102601453
842,15.338496361111133,0.04563782666116778
843,15.530478069444465,0.0664643721635384
844,15.722459777777798,0.09072111203101518
845,15.91444148611113,0.11743964719220912
846,16.106423194444464,0.14518033016813203
847,16.298404902777797,0.17293295771878792
848,16.490386611111127,0.199817656520897
849,16.68236831944446,0.22515662554410676
850,16.874350027777794,0.2481751187810587
851,17.066331736111128,0.2682250872328761
852,17.25831344444446,0.2846561975190264
853,17.45029515277779,0.29677301441909665
854,17.642276861111124,0.3047213987662776
855,14.186606111111136,0.0
856,14.382716458333357,0.0006658688150713576
857,14.578826805555579,0.0030014276865959477
858,14.7749371527778,0.008055292235213063
859,14.971047500000022,0.01668587759490825
860,15.167157847222244,0.029503325116605805
861,15.363268194444466,0.04666047265859441
862,15.559378541666687,0.06790450926380787
863,15.755488888888909,0.09262121505403231
864,15.95159923611113,0.1197937556150731
865,16.147709583333352,0.14798548819318713
866,16.343819930555576,0.17612838096521866
867,16.539930277777795,0.2033367804265067
868,16.736040625000015,0.22893916920256185
869,16.93215097222224,0.2521598045225796
870,17.128261319444462,0.27234005984563614
871,17.324371666666682,0.2888004101854196
872,17.520482013888902,0.3008960606602613
873,17.716592361111125,0.3087868121256131
874,14.186606111111136,0.0
875,14.386845097222245,0.0006774749621724085
876,14.587084083333357,0.0030671545196124805
877,14.787323069444467,0.008238680463961034
878,14.987562055555578,0.017066621858142783
879,15.187801041666688,0.030167200436420738
880,15.388040027777798,0.04768487361765883
881,15.58827901388891,0.06934702727641351
882,15.78851800000002,0.09452067829628863
883,15.988756986111131,0.12215704555807594
884,16.18899597222224,0.1507977831519388
885,16.38923495833335,0.179325060005465
886,16.58947394444446,0.20686053656677295
887,16.789712930555574,0.23272066294150195
888,16.989951916666683,0.25614082613545874
889,17.190190902777793,0.27643880002181065
890,17.390429888888903,0.29292730558740887
891,17.590668875000013,0.3050057135139057
892,17.790907861111126,0.31284369149554436
893,14.186606111111136,0.0
894,14.390973736111135,0.0006891086095381915
895,14.595341361111135,0.0031331115655722774
896,14.799708986111133,0.008422761525090583
897,15.004076611111133,0.01744870025524148
898,15.208444236111132,0.030832955660253902
899,15.412811861111132,0.048711065832815925
900,15.617179486111132,0.07079167329857772
901,15.821547111111132,0.09641963503642581
902,16.02591473611113,0.12453042332250519
903,16.23028236111113,0.15361562274908158
904,16.43464998611113,0.1825214584642859
905,16.63901761111113,0.21038497378269527
906,16.84338523611113,0.23650077833283079
907,17.047752861111128,0.26011680475526755
908,17.252120486111128,0.2805172000291699
909,17.456488111111128,0.2970360467512394
910,17.660855736111124,0.3091016528984877
911,17.865223361111127,0.3168909633377168
912,14.186606111111136,0.0
913,14.395102375000024,0.0007007697566887572
914,14.603598638888911,0.0031992987975744125
915,14.812094902777801,0.008607535198878469
916,15.020591166666689,0.017832112001529232
917,15.229087430555577,0.0315005893675554
918,15.437583694444465,0.04973898223325279
919,15.646079958333354,0.07223772273656692
920,15.854576222222242,0.09831666733053257
921,16.063072486111132,0.1269081893759516
922,16.271568750000018,0.156433116569615
923,16.480065013888908,0.18571752989933155
924,16.688561277777794,0.21390982465191322
925,16.897057541666683,0.24028048254362733
926,17.105553805555573,0.2640893012016785
927,17.31405006944446,0.2845796469749171
928,17.52254633333335,0.30113180053663735
929,17.731042597222235,0.3131893054778281
930,17.939538861111124,0.3209346039096118
931,14.186606111111136,0.0
932,14.399231013888913,0.0007124584031467096
933,14.61185591666669,0.003265716188570855
934,14.824480819444467,0.008793001264085887
935,15.037105722222245,0.018216856305604323
936,15.249730625000021,0.03217010011899468
937,15.462355527777799,0.050768725921603974
938,15.674980430555575,0.07368629379159874
939,15.887605333333353,0.10021271040914925
940,16.10023023611113,0.12928144132363695
941,16.312855138888906,0.15924116719714665
942,16.525480041666682,0.18891893885574862
943,16.738104944444462,0.21743208182245022
944,16.950729847222238,0.2440576507870793
945,17.163354750000018,0.26805209828823173
946,17.375979652777794,0.2886276263374168
947,17.58860455555557,0.3052168590472637
948,17.801229458333346,0.3172708570073123
949,18.013854361111125,0.32497854955283956
950,14.186606111111136,0.0
951,14.403359652777802,0.0007241745484307671
952,14.620113194444468,0.003332363711368358
953,14.836866736111133,0.008979159497952582
954,15.0536202777778,0.018602932369343517
955,15.270373819444465,0.03284148645643625
956,15.487127361111131,0.051800009410004844
957,15.703880902777797,0.07513646369269067
958,15.920634444444463,0.10210853247580243
959,16.13738798611113,0.13165093583729526
960,16.354141527777795,0.1620428322175551
961,16.57089506944446,0.19212403358240593
962,16.787648611111127,0.2209502752260908
963,17.004402152777793,0.24783051644790643
964,17.22115569444446,0.27199655402140765
965,17.437909236111125,0.29265871920670217
966,17.65466277777779,0.3092886939615128
967,17.871416319444457,0.3213429495100998
968,18.088169861111126,0.32901910621444597
969,14.186606111111136,0.0
970,14.40748829166669,0.0007359181920590929
971,14.628370472222246,0.0033992413386275677
972,14.8492526527778,0.009166009676202291
973,15.070134833333356,0.018990339387904065
974,15.29101701388891,0.03351474690291334
975,15.511899194444466,0.05283311891541376
976,15.73278137500002,0.07658855701950296
977,15.953663555555575,0.10400978340548683
978,16.17454573611113,0.13402259854197052
979,16.395427916666684,0.16485548239898906
980,16.61631009722224,0.19533385576482076
981,16.837192277777795,0.22446948194157446
982,17.05807445833335,0.2516040272815152
983,17.278956638888904,0.27592939685057116
984,17.49983881944446,0.29667985210926284
985,17.720721000000015,0.3133538624220855
986,17.941603180555568,0.3254116494138415
987,18.162485361111123,0.33305534222809485
988,14.186606111111136,0.0
989,14.41161693055558,0.0007476893335466306
990,14.636627750000024,0.0034663490428646915
991,14.861638569444468,0.009353551573040408
992,15.086649388888912,0.019379076549717933
993,15.311660208333354,0.03418987996260492
994,15.536671027777798,0.05386782198785511
995,15.761681847222242,0.07804258108415896
996,15.986692666666686,0.10590978270892493
997,16.21170348611113,0.1363895616976163
998,16.436714305555576,0.16767175092667985
999,16.661725125000018,0.19853898451787955
1000,16.88673594444446,0.2279833380421903
1001,17.111746763888906,0.2553694941798702
1002,17.33675758333335,0.27984284714502483
1003,17.561768402777794,0.30068313500464205
1004,17.786779222222236,0.3174034286606786
1005,18.011790041666682,0.3294683144233076
1006,18.236800861111124,0.3370784241762935
1007,14.186606111111136,0.0
1008,14.415745569444468,0.0007594879724085457
1009,14.644885027777802,0.003533686796445612
1010,14.874024486111134,0.009541784961152544
1011,15.103163944444466,0.019769143036493686
1012,15.3323034027778,0.03486686671321759
1013,15.561442861111132,0.05490436827132794
1014,15.790582319444464,0.07949700814642846
1015,16.019721777777796,0.107808401643394
1016,16.24886123611113,0.13875173105881744
1017,16.47800069444446,0.1704894926852356
1018,16.707140152777797,0.20173693204867038
1019,16.93627961111113,0.2314896621676722
1020,17.16541906944446,0.2591191162377766
1021,17.394558527777793,0.28373468100653343
1022,17.623697986111125,0.3046656976081863
1023,17.85283744444446,0.32143331814886855
1024,18.08197690277779,0.3335084722660614
1025,18.311116361111125,0.3410837655302532
1026,14.186606111111136,0.0
1027,14.419874208333358,0.0007713141081587827
1028,14.653142305555578,0.0036012545715945476
1029,14.8864104027778,0.00973070961170841
1030,15.119678500000022,0.020160538023216823
1031,15.352946597222243,0.03554570259330936
1032,15.586214694444465,0.055942530760687004
1033,15.819482791666687,0.08095241975154233
1034,16.05275088888891,0.10971309550792507
1035,16.28601898611113,0.1411198078258935
1036,16.519287083333353,0.17331145798408643
1037,16.75255518055557,0.2049305361018685
1038,16.985823277777794,0.23499077673644575
1039,17.219091375000016,0.2628502686126243
1040,17.452359472222238,0.2876068650689575
1041,17.68562756944446,0.3086295757383041
1042,17.91889566666668,0.32544518437930825
1043,18.1521637638889,0.33752745564087105
1044,18.385431861111122,0.34507228879122265
1045,14.186606111111136,0.0
1046,14.424002847222246,0.0007831677403077331
1047,14.661399583333356,0.003669052340387946
1048,14.898796319444466,0.009920325294360821
1049,15.136193055555577,0.02055326067815111
1050,15.373589791666689,0.03622640447156
1051,15.610986527777799,0.05698256342353358
1052,15.848383263888909,0.08240820601276067
1053,16.085780000000018,0.11161622658559311
1054,16.32317673611113,0.1434895515208603
1055,16.560573472222238,0.17613339246691073
1056,16.79797020833335,0.2081165284593537
1057,17.035366944444462,0.23848359008951503
1058,17.27276368055557,0.26656048191746906
1059,17.510160416666682,0.2914582598874388
1060,17.74755715277779,0.3125737780533804
1061,17.984953888888903,0.3294384551334204
1062,18.22235062500001,0.3415238867452799
1063,18.459747361111123,0.34904434058042955
1064,14.186606111111136,0.0
1065,14.428131486111134,0.0007950488683671209
1066,14.669656861111134,0.0037370800747567046
1067,14.911182236111133,0.01011063177724314
1068,15.152707611111133,0.02094731016283269
1069,15.394232986111131,0.03690886960128403
1070,15.635758361111131,0.058025281757653424
1071,15.87728373611113,0.08386541560516136
1072,16.11880911111113,0.11351876057753607
1073,16.360334486111128,0.14586155469227935
1074,16.60185986111113,0.17895328647000008
1075,16.84338523611113,0.2113001218870293
1076,17.084910611111127,0.24197278919474208
1077,17.326435986111125,0.27025628974437643
1078,17.567961361111124,0.2952959160840092
1079,17.809486736111126,0.31650515006006963
1080,18.051012111111124,0.33342129881376026
1081,18.292537486111122,0.3455078309901328
1082,18.534062861111124,0.35300960197944065
1083,14.186606111111136,0.0
1084,14.432260125000024,0.0008069574918435629
1085,14.677914138888912,0.00380533774648506
1086,14.9235681527778,0.010301628826975606
1087,15.169222166666689,0.02134268563207753
1088,15.414876180555577,0.037593152335403945
1089,15.660530194444465,0.05906988973378624
1090,15.906184208333352,0.08532352164532053
1091,16.151838222222242,0.11542595081298113
1092,16.39749223611113,0.14823952425642484
1093,16.643146250000015,0.181774175329376
1094,16.888800263888903,0.21448636805299082
1095,17.13445427777779,0.24546084482210062
1096,17.38010829166668,0.27394183532982797
1097,17.62576230555557,0.29912365403817953
1098,17.871416319444457,0.3204271069255912
1099,18.117070333333345,0.337394720235178
1100,18.362724347222233,0.34948233209668433
1101,18.60837836111112,0.3569704576747622
1102,14.186606111111136,0.0
1103,14.436388763888912,0.0008188936102457856
1104,14.68617141666669,0.0038738253272118106
1105,14.935954069444467,0.010493316208658898
1106,15.185736722222243,0.02173938623397409
1107,15.435519375000021,0.03827927619337945
1108,15.685302027777798,0.06011624973089702
1109,15.935084680555574,0.08678252827576205
1110,16.18486733333335,0.11733377629043718
1111,16.43464998611113,0.15062202740281416
1112,16.684432638888907,0.18459239207099964
1113,16.934215291666682,0.2176691121724692
1114,17.18399794444446,0.24893578879475442
1115,17.43378059722224,0.2776106243230596
1116,17.683563250000013,0.3029348978630625
1117,17.93334590277779,0.3243322797189927
1118,18.18312855555557,0.3413454658623526
1119,18.432911208333344,0.35343905180229584
1120,18.682693861111122,0.36091777115069823
1121,14.186606111111136,0.0
1122,14.440517402777802,0.0008308572230784073
1123,14.694428694444468,0.003942542788429759
1124,14.948339986111133,0.010685693685877906
1125,15.2022512777778,0.02213741110988976
1126,15.456162569444466,0.03896714079217534
1127,15.71007386111113,0.061164349515228755
1128,15.963985152777797,0.0882416687018237
1129,16.217896444444463,0.11923974545238025
1130,16.471807736111128,0.1530015912515258
1131,16.725719027777796,0.18740023913137338
1132,16.97963031944446,0.2208379155008935
1133,17.23354161111113,0.2523845449858184
1134,17.487452902777793,0.28125113951335234
1135,17.741364194444458,0.3067170349431215
1136,17.995275486111126,0.32820686005137845
1137,18.24918677777779,0.34525923704799
1138,18.503098069444455,0.3573611007389853
1139,18.757009361111123,0.3648333934966057
1140,14.186606111111136,0.0
1141,14.44464604166669,0.0008428483298462686
1142,14.702685972222245,0.00401149010148627
1143,14.9607259027778,0.01087876102070362
1144,15.218765833333354,0.022536759394464423
1145,15.47680576388891,0.03965682175453633
1146,15.734845694444465,0.06221483099214076
1147,15.992885625000019,0.08970203622007988
1148,16.250925555555575,0.12114706898485772
1149,16.50896548611113,0.1553852932054406
1150,16.767005416666684,0.19020483733102012
1151,17.02504534722224,0.22400064362212224
1152,17.283085277777793,0.255816071736806
1153,17.541125208333348,0.28487369231285153
1154,17.799165138888903,0.31048018855802995
1155,18.057205069444457,0.33206247926247134
1156,18.31524500000001,0.349148564042856
1157,18.573284930555566,0.36126152238156384
1158,18.83132486111112,0.3687314753346719
1159,14.186606111111136,0.0
1160,14.44877468055558,0.0008548669300511014
1161,14.710943250000023,0.004080667237583158
1162,14.973111819444467,0.011072517973688134
1163,15.23528038888891,0.022937430215618337
1164,15.497448958333354,0.04034822724444831
1165,15.759617527777797,0.06326855437166079
1166,16.02178609722224,0.09116427739934019
1167,16.283954666666684,0.12305978671850892
1168,16.54612323611113,0.157772030555009
1169,16.808291805555573,0.19300613039988224
1170,17.070460375000017,0.22715670989530257
1171,17.33262894444446,0.25922966559328187
1172,17.594797513888903,0.2884769152254313
1173,17.856966083333347,0.3142222975096923
1174,18.11913465277779,0.33589418780561675
1175,18.381303222222236,0.35301189126678556
1176,18.643471791666677,0.36513758554256526
1177,18.90564036111112,0.3726081605279209
1178,14.186606111111136,0.0
1179,14.452903319444468,0.0008669130231945266
1180,14.7192005277778,0.004150074167774465
1181,14.985497736111133,0.01126696430387153
1182,15.251794944444466,0.023339422694545586
1183,15.518092152777799,0.041041408697352066
1184,15.784389361111131,0.06432403022136601
1185,16.050686569444462,0.09262733218766328
1186,16.316983777777796,0.12497322518106657
1187,16.583280986111127,0.16016132280768058
1188,16.84957819444446,0.19580507736682418
1189,17.115875402777792,0.2303073135464444
1190,17.382172611111127,0.26262827679587153
1191,17.648469819444458,0.2920641398028089
1192,17.914767027777792,0.3179471993109424
1193,18.181064236111123,0.33970119470405935
1194,18.447361444444457,0.3568537233666923
1195,18.713658652777788,0.3689953417426437
1196,18.979955861111122,0.3764698179102388
1197,14.186606111111136,0.0
1198,14.457031958333356,0.0008789866087746123
1199,14.727457805555579,0.004219710862968906
1200,14.9978836527778,0.011462099768776546
1201,15.268309500000022,0.023742735945715743
1202,15.538735347222243,0.04173636942732162
1203,15.809161194444464,0.06538067937167336
1204,16.079587041666684,0.09409062422777636
1205,16.35001288888891,0.12688506749728623
1206,16.62043873611113,0.1625430457127447
1207,16.89086458333335,0.1985932236409148
1208,17.16129043055557,0.23344014450996453
1209,17.43171627777779,0.266002318189857
1210,17.702142125000016,0.29562550800638066
1211,17.972567972222237,0.3216442230756289
1212,18.242993819444457,0.34347282093674125
1213,18.513419666666678,0.3606615086567828
1214,18.7838455138889,0.372821012320942
1215,19.05427136111112,0.38030075707988875
1216,14.186606111111136,0.0
1217,14.461160597222246,0.0008910876862919803
1218,14.735715083333357,0.004289577293932312
1219,15.010269569444466,0.01165792412441069
1220,15.284824055555577,0.02414736907687931
1221,15.559378541666687,0.04243310072887241
1222,15.833933027777798,0.06643949236531776
1223,16.108487513888907,0.09555539427111415
1224,16.383042000000017,0.12880040988709918
1225,16.657596486111128,0.16492254678742402
1226,16.93215097222224,0.20137597872914126
1227,17.20670545833335,0.23655783553694365
1228,17.48125994444446,0.26935832595731934
1229,17.75581443055557,0.29916725759368845
1230,18.03036891666668,0.32531962579624896
1231,18.30492340277779,0.3472161639279281
1232,18.579477888888903,0.3644416440580436
1233,18.85403237500001,0.37662106409575324
1234,19.12858686111112,0.3841072149014524
1235,14.186606111111136,0.0
1236,14.465289236111134,0.0009032162552395917
1237,14.743972361111133,0.004359673431279298
1238,15.022655486111134,0.011854437125269235
1239,15.301338611111133,0.02455332118905884
1240,15.580021736111132,0.043131603952253794
1241,15.85870486111113,0.06750017113167228
1242,16.13738798611113,0.09702132153638487
1243,16.41607111111113,0.1307197044977556
1244,16.69475423611113,0.16730049071595354
1245,16.973437361111127,0.20415464396199445
1246,17.252120486111128,0.2396617278468539
1247,17.530803611111125,0.27269869972463345
1248,17.809486736111126,0.3026912541826263
1249,18.088169861111126,0.32897614223101934
1250,18.366852986111123,0.3509348772855423
1251,18.645536111111124,0.3681979319037739
1252,18.92421923611112,0.3803994808759671
1253,19.20290236111112,0.38789258193786136
1254,14.186606111111136,0.0
1255,14.469417875000024,0.0009153723151149595
1256,14.752229638888911,0.004429999245483818
1257,15.0350414027778,0.012051638524331665
1258,15.317853166666687,0.024960591376558927
1259,15.600664930555576,0.04383188120500803
1260,15.883476694444465,0.06856324865288377
1261,16.16628845833335,0.09848890366436314
1262,16.449100222222242,0.13264450454576338
1263,16.73191198611113,0.1696778291587573
1264,17.014723750000016,0.2069307228263727
1265,17.297535513888903,0.2427534658811581
1266,17.580347277777793,0.2760260760778016
1267,17.86315904166668,0.30620094258698527
1268,18.145970805555567,0.3326119938899721
1269,18.428782569444458,0.35463383045369956
1270,18.711594333333345,0.37193671411912277
1271,18.99440609722223,0.3841630522618049
1272,19.27721786111112,0.39166404123152365
1273,14.186606111111136,0.0
1274,14.473546513888913,0.0009275558654103788
1275,14.76048691666669,0.0045005547068706075
1276,15.047427319444466,0.012249528073064009
1277,15.334367722222243,0.02536917872696054
1278,15.62130812500002,0.044533978259538975
1279,15.908248527777797,0.06962788600511449
1280,16.195188930555574,0.09995746516461501
1281,16.48212933333335,0.13456848946039135
1282,16.769069736111128,0.17204918575175188
1283,17.056010138888904,0.20969790254261234
1284,17.34295054166668,0.24582644938051268
1285,17.62989094444446,0.2793327217618844
1286,17.916831347222235,0.3096874953250417
1287,18.203771750000012,0.3362160205519683
1288,18.49071215277779,0.3583017294650461
1289,18.777652555555566,0.3756458522678118
1290,19.064592958333343,0.3878978265608801
1291,19.35153336111112,0.39540577957345
1292,14.186606111111136,0.0
1293,14.4776751527778,0.0009397669056179225
1294,14.768744194444468,0.004571339785621187
1295,15.059813236111133,0.012448105521417951
1296,15.3508822777778,0.0257790556324774
1297,15.641951319444464,0.045237806834515504
1298,15.933020361111131,0.07069414613475411
1299,16.224089402777796,0.1014270517722432
1300,16.515158444444463,0.13649170540211053
1301,16.806227486111126,0.1744144486718684
1302,17.097296527777793,0.21245617280011675
1303,17.38836556944446,0.248881752787942
1304,17.679434611111127,0.2826199588734666
1305,17.97050365277779,0.3131522909470722
1306,18.261572694444457,0.339790576301083
1307,18.552641736111124,0.36194054001455933
1308,18.843710777777787,0.3793272473132214
1309,19.134779819444454,0.39160532950110394
1310,19.42584886111112,0.3991189729337553
1311,14.186606111111136,0.0
1312,14.48180379166669,0.0009520054352275542
1313,14.777001472222246,0.004642354451769526
1314,15.0721991527778,0.012647370617834164
1315,15.367396833333355,0.026190247226043017
1316,15.662594513888909,0.045943434031674335
1317,15.957792194444464,0.07176272510888781
1318,16.25298987500002,0.10289825222628435
1319,16.54818755555557,0.13841632549893768
1320,16.84338523611113,0.17677587197513622
1321,17.13858291666668,0.21520776684530385
1322,17.43378059722224,0.251923027776209
1323,17.72897827777779,0.285891682340749
1324,18.024175958333345,0.31659942522337936
1325,18.3193736388889,0.3433407603857367
1326,18.614571319444458,0.36555511671990093
1327,18.90976900000001,0.38298594185245394
1328,19.204966680555565,0.39528988553234967
1329,19.50016436111112,0.4028081523366859
1330,14.186606111111136,0.0
1331,14.485932430555579,0.0009642714537281272
1332,14.785258750000024,0.004713598675203046
1333,15.084585069444467,0.012847323109238418
1334,15.38391138888891,0.026602753334015516
1335,15.683237708333355,0.046650854578427436
1336,15.982564027777798,0.07283267800949222
1337,16.28189034722224,0.1043700962767693
1338,16.581216666666684,0.14034506940830727
1339,16.880542986111127,0.17913781891784075
1340,17.17986930555557,0.21795291863256683
1341,17.479195625000017,0.2549537249411693
1342,17.77852194444446,0.289151553126337
1343,18.077848263888903,0.3200335976737122
1344,18.377174583333346,0.34687248743100796
1345,18.67650090277779,0.3691521443650999
1346,18.975827222222232,0.38662906718489454
1347,19.275153541666675,0.39895889219902114
1348,19.574479861111122,0.40648211226688735
1349,14.186606111111136,0.0
1350,14.490061069444469,0.0009765649606078286
1351,14.7935160277778,0.004785072425666725
1352,15.096970986111133,0.013047962741044028
1353,15.400425944444466,0.027016545030461803
1354,15.703880902777797,0.04736008938227254
1355,16.00733586111113,0.07390499926743943
1356,16.310790819444463,0.10584361676182152
1357,16.614245777777796,0.142270189084155
1358,16.91770073611113,0.18149457974007344
1359,17.22115569444446,0.22068501292432552
1360,17.524610652777792,0.25796962086140396
1361,17.828065611111125,0.292394586029464
1362,18.131520569444458,0.32344535514709094
1363,18.43497552777779,0.3503795087024336
1364,18.738430486111124,0.37272523918044553
1365,19.041885444444453,0.39024897745821996
1366,19.345340402777786,0.40260343560054335
1367,19.64879536111112,0.410130772499919
1368,14.186606111111136,0.0
1369,14.494189708333357,0.000988885955351071
1370,14.801773305555578,0.00485677567275411
1371,15.1093569027778,0.013249289257152519
1372,15.41694050000002,0.02743158008067148
1373,15.724524097222242,0.048071089474358564
1374,16.032107694444463,0.07497939465772208
1375,16.339691291666686,0.10732407888168805
1376,16.647274888888905,0.1442001713378418
1377,16.954858486111128,0.1838534567238601
1378,17.262442083333347,0.22341201488351847
1379,17.57002568055557,0.2609784894578846
1380,17.877609277777793,0.29562812369801006
1381,18.185192875000013,0.3268388379190522
1382,18.492776472222236,0.3538684295138529
1383,18.800360069444455,0.3762810152610554
1384,19.107943666666678,0.39385170134166436
1385,19.415527263888897,0.40622913289255247
1386,19.72311086111112,0.41375969935265167
1387,14.186606111111136,0.0
1388,14.498318347222245,0.0010012344374434878
1389,14.810030583333356,0.004928708385921521
1390,15.121742819444465,0.013451302399956178
1391,15.433455055555577,0.027847927237156345
1392,15.745167291666686,0.048783839913504545
1393,16.056879527777795,0.07605596284092286
1394,16.368591763888908,0.10880693728422675
1395,16.680304000000017,0.1461280406093779
1396,16.992016236111127,0.1862090708571178
1397,17.30372847222224,0.22612696012069733
1398,17.615440708333345,0.2639741651640084
1399,17.927152944444458,0.2988466265205417
1400,18.238865180555567,0.3302102149758698
1401,18.550577416666677,0.3573357940943499
1402,18.86228965277779,0.3798166329386402
1403,19.1740018888889,0.397434338784188
1404,19.48571412500001,0.40983297844400557
1405,19.797426361111118,0.41736777214088194
1406,14.186606111111136,0.0
1407,14.502446986111135,0.001013610406366161
1408,14.818287861111134,0.005000870534471846
1409,15.134128736111133,0.01365400191033106
1410,15.449969611111133,0.02826558553969727
1411,15.76581048611113,0.04949842655586223
1412,16.08165136111113,0.07713430725993886
1413,16.39749223611113,0.11029093153941083
1414,16.713333111111126,0.14805814161069875
1415,17.029173986111125,0.18856503189009266
1416,17.345014861111125,0.22883480620491659
1417,17.660855736111124,0.266961384058229
1418,17.976696611111123,0.3020546561097903
1419,18.292537486111122,0.33356369926428187
1420,18.60837836111112,0.3607853147618514
1421,18.92421923611112,0.38333571566959357
1422,19.24006011111112,0.4009996971205654
1423,19.55590098611112,0.41341846092439716
1424,19.87174186111112,0.420958322094486
1425,14.186606111111136,0.0
1426,14.506575625000023,0.0010260138616017267
1427,14.826545138888912,0.005073262087565089
1428,15.1465146527778,0.01385738752764376
1429,15.466484166666687,0.028684534709681242
1430,15.786453680555574,0.05021483095671442
1431,16.106423194444464,0.07821448670797759
1432,16.426392708333353,0.11177608041379183
1433,16.74636222222224,0.14998540604652078
1434,17.066331736111128,0.19091692324505238
1435,17.386301250000017,0.23153239865014297
1436,17.706270763888902,0.2699368086295867
1437,18.02624027777779,0.30524884451265477
1438,18.34620979166668,0.3368961679933873
1439,18.666179305555566,0.3642137302279974
1440,18.986148819444455,0.38683455563523195
1441,19.306118333333345,0.4045434666004253
1442,19.62608784722223,0.4169811490108346
1443,19.94605736111112,0.424526546742775
1444,14.186606111111136,0.0
1445,14.510704263888913,0.001038444802628602
1446,14.834802416666689,0.005145883014216479
1447,15.158900569444466,0.014061458989752862
1448,15.482998722222243,0.029104725933561726
1449,15.80709687500002,0.0509326506060187
1450,16.131195027777796,0.0792961554823921
1451,16.45529318055557,0.11326202718433309
1452,16.77939133333335,0.15191114062716338
1453,17.103489486111126,0.19326503253095317
1454,17.427587638888905,0.23421799040719626
1455,17.75168579166668,0.27289863618178933
1456,18.075783944444456,0.30842704898930917
1457,18.399882097222235,0.3402064657938444
1458,18.72398025000001,0.3676195695860097
1459,19.04807840277779,0.3903108349202624
1460,19.372176555555566,0.40806271693958684
1461,19.69627470833334,0.4205176500655947
1462,20.02037286111112,0.42806699816985083
1463,14.186606111111136,0.0
1464,14.514832902777801,0.0010509032289260922
1465,14.843059694444467,0.005218733283294141
1466,15.171286486111132,0.014266216033002377
1467,15.499513277777798,0.029526140084802144
1468,15.827740069444465,0.051652037910876136
1469,16.15596686111113,0.0803803445864828
1470,16.484193652777797,0.11474983800484762
1471,16.812420444444463,0.15383487923440198
1472,17.14064723611113,0.19560971284063988
1473,17.468874027777794,0.23689485940724286
1474,17.79710081944446,0.27584977390001664
1475,18.125327611111125,0.3115902554172788
1476,18.45355440277779,0.3434984103509173
1477,18.781781194444456,0.3710075360197397
1478,19.11000798611112,0.39376924715122585
1479,19.438234777777787,0.41156179231071355
1480,19.766461569444452,0.42403332531094906
1481,20.094688361111118,0.4315856816124074
1482,14.186606111111136,0.0
1483,14.518961541666691,0.001063389139969284
1484,14.851316972222245,0.005291812863521428
1485,15.1836724027778,0.014471658392230302
1486,15.516027833333354,0.029948862208405314
1487,15.848383263888909,0.05237316767529465
1488,16.180738694444464,0.08146726380447034
1489,16.513094125000016,0.11623975653200169
1490,16.84544955555557,0.1557584923926867
1491,17.177804986111127,0.1979486264099003
1492,17.510160416666682,0.23956171542518445
1493,17.842515847222238,0.2787889362890653
1494,18.17487127777779,0.31473339488859775
1495,18.507226708333345,0.3467704503510939
1496,18.8395821388889,0.3743761756456766
1497,19.171937569444456,0.3972077205376786
1498,19.50429300000001,0.4150383093753581
1499,19.836648430555563,0.4275265187369466
1500,20.16900386111112,0.43508089125528926
1501,14.186606111111136,0.0
1502,14.52309018055558,0.0010759025352348184
1503,14.859574250000023,0.0053651217234756965
1504,15.196058319444466,0.014677785800760734
1505,15.53254238888891,0.030372891309668915
1506,15.869026458333353,0.053095935541840444
1507,16.205510527777797,0.08255591215615465
1508,16.54199459722224,0.11773080062175778
1509,16.878478666666684,0.15768450972615167
1510,17.214962736111126,0.20028501604225757
1511,17.55144680555557,0.2422250351685955
1512,17.887930875000013,0.28172307332677726
1513,18.224414944444455,0.31786245936583657
1514,18.5608990138889,0.35002915030425863
1515,18.897383083333345,0.37773300998046855
1516,19.233867152777787,0.4006337907765972
1517,19.57035122222223,0.418501254649131
1518,19.906835291666674,0.43100681616749115
1519,20.24331936111112,0.43856296190375244
1520,14.186606111111136,0.0
1521,14.527218819444467,0.00108844341419434
1522,14.8678315277778,0.005438659831588311
1523,15.208444236111132,0.014884597990413084
1524,15.549056944444464,0.03079817949308039
1525,15.889669652777798,0.05382010151770067
1526,16.23028236111113,0.08364612860795073
1527,16.57089506944446,0.11922544370589439
1528,16.911507777777793,0.15961088557029413
1529,17.252120486111128,0.20261514849519602
1530,17.59273319444446,0.2448804637126133
1531,17.93334590277779,0.2846471321578603
1532,18.273958611111123,0.32097539459451907
1533,18.614571319444455,0.3532708246538355
1534,18.95518402777779,0.3810730844153085
1535,19.29579673611112,0.40404117306644627
1536,19.636409444444453,0.4219435213835392
1537,19.977022152777785,0.4344655415026124
1538,20.317634861111117,0.4420227841017347
1539,14.186606111111136,0.0
1540,14.531347458333357,0.0011010117763226024
1541,14.876088805555579,0.005512427156146971
1542,15.220830152777799,0.015092094691495306
1543,15.56557150000002,0.031224687154300934
1544,15.910312847222242,0.05454620574965352
1545,16.25505419444446,0.08473840207895567
1546,16.599795541666683,0.12072375042736294
1547,16.944536888888905,0.16153994332384947
1548,17.289278236111127,0.2049416938344958
1549,17.634019583333348,0.24753133874414535
1550,17.97876093055557,0.2875647795362434
1551,18.32350227777779,0.3240764384747551
1552,18.66824362500001,0.3564994658732109
1553,19.01298497222223,0.3843998420085568
1554,19.357726319444453,0.40743294931179674
1555,19.702467666666674,0.4253679909310689
1556,20.047209013888896,0.4379044496239488
1557,20.391950361111117,0.4454628186976147
1558,14.186606111111136,0.0
1559,14.535476097222245,0.0011136076210882528
1560,14.884346083333355,0.0055864236652908295
1561,15.233216069444467,0.015300275632805782
1562,15.582086055555576,0.031652470709214287
1563,15.930956041666686,0.05527458481098335
1564,16.279826027777798,0.08583307632479342
1565,16.628696013888906,0.12222176019107911
1566,16.977566000000017,0.16346750595698567
1567,17.32643598611113,0.20726136929028227
1568,17.675305972222237,0.25017400218094443
1569,18.024175958333345,0.29047216763682926
1570,18.373045944444456,0.3271587842212026
1571,18.721915930555568,0.3597095274804677
1572,19.070785916666676,0.3877086937128905
1573,19.419655902777787,0.4108051597811406
1574,19.768525888888895,0.42877172160669175
1575,20.117395875000007,0.44132150408000526
1576,20.46626586111112,0.44888145681744696
1577,14.186606111111136,0.0
1578,14.539604736111135,0.0011262309479601607
1579,14.892603361111133,0.005660649327015044
1580,15.245601986111133,0.015509140541636213
1581,15.59860061111113,0.03208155779953825
1582,15.95159923611113,0.056004457833259136
1583,16.30459786111113,0.08692932167058487
1584,16.657596486111128,0.12372079823618243
1585,17.01059511111113,0.16539467280490594
1586,17.363593736111127,0.2095745706004254
1587,17.716592361111125,0.25280894267938636
1588,18.069590986111123,0.29336967509580325
1589,18.422589611111125,0.33022562868796346
1590,18.775588236111123,0.3629035191084311
1591,19.12858686111112,0.39100069944906357
1592,19.481585486111122,0.4141565348696645
1593,19.83458411111112,0.4321539244361111
1594,20.187582736111118,0.44471514520044797
1595,20.540581361111116,0.45227625392713233
1596,14.186606111111136,0.0
1597,14.543733375000023,0.001138881756406085
1598,14.900860638888911,0.005735104109169664
1599,15.2579879027778,0.015718689143772724
1600,15.615115166666687,0.03251194739644936
1601,15.972242430555575,0.05673599953764907
1602,16.329369694444463,0.08802735171653697
1603,16.68649695833335,0.1252177508609681
1604,17.04362422222224,0.16732370277231656
1605,17.400751486111126,0.21188485229870335
1606,17.757878750000014,0.2554398669134246
1607,18.1150060138889,0.2962615425340448
1608,18.47213327777779,0.3332819020542369
1609,18.829260541666677,0.3660875592947276
1610,19.186387805555565,0.3942819150307503
1611,19.543515069444453,0.41749472944405797
1612,19.90064233333334,0.4355230735219342
1613,20.25776959722223,0.4480948526506333
1614,20.614896861111117,0.4556575883754469
1615,14.186606111111136,0.0
1616,14.547862013888912,0.0011515600458926745
1617,14.90911791666669,0.005809787979459635
1618,15.270373819444465,0.01592892116349054
1619,15.631629722222243,0.03294360117449713
1620,15.992885625000019,0.057470140647681744
1621,16.354141527777795,0.08912819271562678
1622,16.715397430555573,0.12671513504327747
1623,17.07665333333335,0.16925258688122702
1624,17.437909236111125,0.21418971485106586
1625,17.799165138888903,0.25806391544236174
1626,18.16042104166668,0.2991356403665556
1627,18.521676944444458,0.3363213879188365
1628,18.882932847222232,0.3692556023548713
1629,19.24418875000001,0.39754597553736215
1630,19.605444652777784,0.42081392737136747
1631,19.966700555555562,0.43887257474902885
1632,20.32795645833334,0.45145379218700454
1633,20.689212361111117,0.4590177243491882
1634,14.186606111111136,0.0
1635,14.551990652777802,0.0011642658158838026
1636,14.917375194444467,0.005884700905442242
1637,15.282759736111132,0.016139836323560197
1638,15.648144277777797,0.03337647078963346
1639,16.013528819444463,0.058206682066102355
1640,16.37891336111113,0.09023156081207828
1641,16.744297902777795,0.1282143376030046
1642,17.10968244444446,0.17118202570930496
1643,17.475066986111127,0.21648912050403957
1644,17.84045152777779,0.2606806605424482
1645,18.20583606944446,0.301997252966257
1646,18.571220611111123,0.3393468571188254
1647,18.936605152777787,0.3724093674049288
1648,19.301989694444455,0.40079345511649045
1649,19.66737423611112,0.4241141519098711
1650,20.032758777777786,0.4422007177816588
1651,20.39814331944445,0.4547910896511832
1652,20.763527861111115,0.46235544060998013
1653,14.186606111111136,0.0
1654,14.55611929166669,0.0011769990658425655
1655,14.925632472222246,0.00595984285453055
1656,15.2951456527778,0.016351434345245996
1657,15.664658833333354,0.03381061196075619
1658,16.03417201388891,0.058944727430883415
1659,16.403685194444463,0.09133652083149413
1660,16.773198375000018,0.12971102349835162
1661,17.14271155555557,0.17310868591248352
1662,17.512224736111126,0.21878195963350966
1663,17.88173791666668,0.26328940365964426
1664,18.251251097222234,0.30484369941185263
1665,18.620764277777788,0.34235695027687685
1666,18.990277458333345,0.37554810161123464
1667,19.3597906388889,0.4040238538792671
1668,19.729303819444453,0.42739519999799924
1669,20.098817000000007,0.445507692302166
1670,20.46833018055556,0.4581068114997052
1671,20.837843361111116,0.4656707690411155
1672,14.186606111111136,0.0
1673,14.56024793055558,0.0011897597952297279
1674,14.933889750000022,0.006035213793991745
1675,15.307531569444466,0.016563714948304886
1676,15.68117338888891,0.03424605194648722
1677,16.054815208333352,0.05968440843762657
1678,16.428457027777796,0.09244321670499756
1679,16.80209884722224,0.13120923034035104
1680,17.175740666666684,0.1750332845458985
1681,17.549382486111124,0.22106950683741455
1682,17.92302430555557,0.2658911646959955
1683,18.296666125000012,0.3076762177339112
1684,18.670307944444456,0.345352165086229
1685,19.043949763888897,0.37867190453757327
1686,19.41759158333334,0.40723686612519416
1687,19.791233402777785,0.43065687221389204
1688,20.16487522222223,0.4487933801892473
1689,20.538517041666672,0.46140070758204754
1690,20.912158861111116,0.4689633696122397
1691,14.186606111111136,0.0
1692,14.564376569444468,0.001202548003505055
1693,14.9421470277778,0.006110813690950123
1694,15.319917486111132,0.016776677850988353
1695,15.697687944444464,0.03468278968414973
1696,16.075458402777798,0.060425871903932116
1697,16.45322886111113,0.09355180002070929
1698,16.830999319444462,0.13270878033684574
1699,17.208769777777793,0.17695532820769377
1700,17.586540236111126,0.22335308933411058
1701,17.964310694444457,0.26848688956590494
1702,18.34208115277779,0.3104982625720204
1703,18.719851611111125,0.34833530134810653
1704,19.097622069444455,0.38178270288726646
1705,19.475392527777785,0.4104324217637584
1706,19.85316298611112,0.43390010844709015
1707,20.230933444444453,0.45205839674603876
1708,20.608703902777783,0.46467281800865246
1709,20.986474361111114,0.47223287871542785
1710,14.186606111111136,0.0
1711,14.568505208333356,0.0012153636901275355
1712,14.950404305555578,0.006186642512379437
1713,15.332303402777798,0.016990322770043198
1714,15.71420250000002,0.035120824104356574
1715,16.09610159722224,0.06116936926181549
1716,16.47800069444446,0.0946626445082197
1717,16.859899791666685,0.13421190911048653
1718,17.241798888888905,0.17887720236235105
1719,17.623697986111125,0.22563605565979883
1720,18.00559708333335,0.27108113213614027
1721,18.387496180555566,0.31331074175136553
1722,18.76939527777779,0.35130936079363384
1723,19.15129437500001,0.3848845436557953
1724,19.53319347222223,0.41361629889224216
1725,19.915092569444454,0.4371312552995237
1726,20.296991666666674,0.4553096875814572
1727,20.678890763888894,0.4679304671687676
1728,21.060789861111115,0.47548705567993577
1729,14.186606111111136,0.0
1730,14.572633847222246,0.001228206854553715
1731,14.958661583333356,0.006262700225112439
1732,15.344689319444466,0.017204649420713647
1733,15.730717055555576,0.03556008937395683
1734,16.116744791666687,0.0619149665994948
1735,16.502772527777793,0.09577569789287443
1736,16.888800263888903,0.13572066770364533
1737,17.274828000000014,0.18080079038902164
1738,17.660855736111124,0.22791986618191773
1739,18.046883472222234,0.27367425125909917
1740,18.432911208333344,0.3161192341064988
1741,18.818938944444454,0.3542784820256296
1742,19.204966680555565,0.3879797065587044
1743,19.590994416666675,0.4167909734934876
1744,19.977022152777785,0.4403520871938311
1745,20.363049888888895,0.4585498205758183
1746,20.749077625000005,0.4711765423209904
1747,21.135105361111115,0.47872947652651876
1748,14.186606111111136,0.0
1749,14.576762486111134,0.0012410774962391402
1750,14.966918861111134,0.006338986795835333
1751,15.357075236111132,0.017419654886657532
1752,15.74723161111113,0.03600059103938402
1753,16.13738798611113,0.06266195380178474
1754,16.52754436111113,0.09689021896988503
1755,16.91770073611113,0.1372299196368174
1756,17.307857111111126,0.18272012612525845
1757,17.698013486111126,0.23019856698270225
1758,18.088169861111123,0.27626078007504673
1759,18.478326236111123,0.3189113554399621
1760,18.868482611111123,0.3572322462380869
1761,19.25863898611112,0.39105813265734624
1762,19.64879536111112,0.41994689033401766
1763,20.03895173611112,0.44355207434614363
1764,20.429108111111116,0.4617685053831261
1765,20.819264486111116,0.4743999270612401
1766,21.209420861111113,0.48196489283953237
1767,14.186606111111136,0.0
1768,14.580891125000024,0.0012539756146368042
1769,14.97517613888891,0.00641550219108733
1770,15.369461152777799,0.01763532552766356
1771,15.763746166666687,0.03644236999495676
1772,16.158031180555575,0.0634112083897097
1773,16.55231619444446,0.09800712444297122
1774,16.946601208333348,0.1387383234535251
1775,17.340886222222238,0.18463503001725534
1776,17.735171236111125,0.23247233402931078
1777,18.12945625000001,0.27883933519296566
1778,18.5237412638889,0.32169449876088063
1779,18.918026277777788,0.3601762580050545
1780,19.312311291666674,0.394124660007361
1781,19.706596305555564,0.4230877934360123
1782,20.10088131944445,0.44673450180403806
1783,20.49516633333334,0.4649690136773035
1784,20.889451347222227,0.47760407226595647
1785,21.283736361111114,0.4852136868979364
1786,14.186606111111136,0.0
1787,14.585019763888912,0.0012669012092004772
1788,14.983433416666688,0.00649224637726431
1789,15.381847069444465,0.01785167707948998
1790,15.780260722222241,0.03688544168121266
1791,16.178674375000018,0.06416256088891059
1792,16.577088027777794,0.0991261920454729
1793,16.97550168055557,0.14024893653428794
1794,17.373915333333347,0.18654807603021717
1795,17.772328986111127,0.23474322807487702
1796,18.170742638888903,0.28140452783233305
1797,18.56915629166668,0.32446432591314633
1798,18.967569944444456,0.36310764355003855
1799,19.365983597222233,0.3971765392915605
1800,19.76439725000001,0.42621232060306347
1801,20.162810902777785,0.44989879689614753
1802,20.56122455555556,0.4681504430010738
1803,20.959638208333338,0.4807877284577663
1804,21.358051861111115,0.4884744274502957
1805,14.186606111111136,0.0
1806,14.589148402777802,0.0012798542793789336
1807,14.991690694444467,0.006569219320616271
1808,15.394232986111133,0.018068709251365278
1809,15.796775277777797,0.03732980499512417
1810,16.199317569444464,0.06491587708382607
1811,16.60185986111113,0.10024729009978794
1812,17.004402152777793,0.14176125503791615
1813,17.40694444444446,0.1884589452662263
1814,17.809486736111126,0.23701015750314824
1815,18.212029027777792,0.2839630662302908
1816,18.614571319444455,0.32722573938571875
1817,19.01711361111112,0.36602956413812915
1818,19.419655902777787,0.40021603151989704
1819,19.822198194444454,0.4293216244697988
1820,20.224740486111116,0.45304536447897514
1821,20.627282777777783,0.47131254117531496
1822,21.02982506944445,0.4839501266390325
1823,21.432367361111115,0.49174591303538306
1824,14.186606111111136,0.0
1825,14.59327704166669,0.0012928348246220578
1826,14.999947972222245,0.0066464209872467706
1827,15.406618902777799,0.018286421751017357
1828,15.813289833333354,0.03777539329516666
1829,16.219960763888906,0.06567151667908966
1830,16.626631694444463,0.10136720809363975
1831,17.033302625000015,0.14327212831582548
1832,17.43997355555557,0.19036551125423085
1833,17.846644486111124,0.23927211247420088
1834,18.25331541666668,0.2865072645461918
1835,18.659986347222233,0.32997283479871475
1836,19.066657277777786,0.36893778622416695
1837,19.473328208333342,0.4032385059465087
1838,19.8799991388889,0.43241362783977344
1839,20.28667006944445,0.45617306010147163
1840,20.693341000000004,0.47445484301271934
1841,21.10001193055556,0.48709133926641746
1842,21.506682861111116,0.4950288554819653
1843,14.186606111111136,0.0
1844,14.597405680555578,0.00130584284437818
1845,15.008205250000023,0.006723851343114817
1846,15.419004819444465,0.01850480478742389
1847,15.829804388888908,0.038221965041358
1848,16.240603958333352,0.06642864104187318
1849,16.651403527777795,0.10248832793809348
1850,17.062203097222238,0.1447838122207019
1851,17.47300266666668,0.19226826209366077
1852,17.883802236111123,0.24152924313512814
1853,18.29460180555557,0.2890451987134771
1854,18.70540137500001,0.33271194665307424
1855,19.116200944444454,0.3718366216936354
1856,19.527000513888897,0.40624736255683447
1857,19.93780008333334,0.4354905426209408
1858,20.348599652777786,0.4592826128159887
1859,20.75939922222223,0.47757725037703813
1860,21.17019879166667,0.49021123615555207
1861,21.580998361111114,0.4983259536691391
1862,14.186606111111136,0.0
1863,14.601534319444468,0.0013188783380927438
1864,15.016462527777799,0.006801510354035423
1865,15.431390736111132,0.018723835050213133
1866,15.846318944444464,0.03866973085119252
1867,16.261247152777795,0.0671874614596204
1868,16.676175361111127,0.10361114759573653
1869,17.09110356944446,0.14629885533743714
1870,17.506031777777793,0.1941711601368734
1871,17.920959986111125,0.24378521205762604
1872,18.335888194444458,0.29157228432350635
1873,18.750816402777787,0.3354400757010355
1874,19.16574461111112,0.37472463813697376
1875,19.58067281944445,0.4092431916326472
1876,19.995601027777784,0.4385527759111635
1877,20.410529236111117,0.4623770734537781
1878,20.82545744444445,0.48068346282101304
1879,21.240385652777782,0.4933346250053169
1880,21.65531386111111,0.5016335291880147
1881,14.186606111111136,0.0
1882,14.605662958333356,0.0013319413052105267
1883,15.024719805555577,0.006879397985675495
1884,15.443776652777798,0.01894354484766214
1885,15.86283350000002,0.03911871779935572
1886,16.28189034722224,0.06794800667336032
1887,16.70094719444446,0.10473367072271456
1888,17.120004041666682,0.1478161462830987
1889,17.539060888888905,0.1960735744408102
1890,17.958117736111124,0.2460396883079572
1891,18.377174583333346,0.29409700988668985
1892,18.796231430555565,0.3381643345501353
1893,19.215288277777788,0.37760656558892236
1894,19.63434512500001,0.4122292122391331
1895,20.05340197222223,0.44160311993914914
1896,20.472458819444448,0.4654586828484941
1897,20.89151566666667,0.4837753168042237
1898,21.310572513888893,0.49646139515896115
1899,21.72962936111111,0.5049510352815452
